{
	"providers": {
		"awscloudformation": {
			"AuthRoleName": "ctiongainstunger-20181129111304-authRole",
			"UnauthRoleArn": "arn:aws:iam::680378715691:role/ctiongainstunger-20181129111304-unauthRole",
			"AuthRoleArn": "arn:aws:iam::680378715691:role/ctiongainstunger-20181129111304-authRole",
			"Region": "us-east-1",
			"DeploymentBucketName": "ctiongainstunger-20181129111304-deployment",
			"UnauthRoleName": "ctiongainstunger-20181129111304-unauthRole",
			"StackName": "ctiongainstunger-20181129111304",
			"StackId": "arn:aws:cloudformation:us-east-1:680378715691:stack/ctiongainstunger-20181129111304/a6f0d8b0-f3f1-11e8-b07c-500c28b32ed2"
		}
	},
	"auth": {
		"cognito42bcf542": {
			"service": "Cognito",
			"providerPlugin": "awscloudformation",
			"providerMetadata": {
				"s3TemplateURL": "https://s3.amazonaws.com/ctiongainstunger-20181129111304-deployment/amplify-cfn-templates/auth/cognito42bcf542-cloudformation-template.yml",
				"logicalId": "authcognito42bcf542"
			},
			"lastPushTimeStamp": "2018-11-30T02:10:55.908Z",
			"output": {
				"AppClientSecret": "17s6s7k83c7via6os3ro63vngs5iaop145uko188a64ijmvp1vns",
				"UserPoolId": "us-east-1_L15vpaUHR",
				"AppClientIDWeb": "413241ehhmv7ekbj7m8ie0gfri",
				"AppClientID": "63t2s913qgjrvfn9h6sfd9jnst",
				"IdentityPoolId": "us-east-1:ac5895b2-e578-4e8c-98ff-aec8fb767bda",
				"IdentityPoolName": "cognito42bcf542_identitypool_42bcf542",
				"UserPoolName": "cognito42bcf542_userpool_42bcf542"
			},
			"lastPushDirHash": "EWhDtAVsFPSxq/a6hl/+JwZ0I90="
		}
	},
	"api": {
		"ActionAgainstHungerAPI": {
			"service": "AppSync",
			"providerPlugin": "awscloudformation",
			"output": {
				"securityType": "AMAZON_COGNITO_USER_POOLS",
				"GraphQLAPIIdOutput": "klwbnl4h6baupetjfl5tg33nwq",
				"GraphQLAPIEndpointOutput": "https://mt7gvqh3sbhv5acwu3wmzipiqq.appsync-api.us-east-1.amazonaws.com/graphql",
				"GraphQLAPIKeyOutput": "da2-clkmlhmcdfcjtcwgr4sb6ibe5i",
				"AuthCognitoUserPoolIdOutput": "us-east-1_L15vpaUHR",
				"AuthCognitoUserPoolNativeClientId": "See UserPool: us-east-1_L15vpaUHR",
				"AuthCognitoUserPoolJSClientId": "See UserPool: us-east-1_L15vpaUHR"
			},
			"providerMetadata": {
				"s3TemplateURL": "https://s3.amazonaws.com/ctiongainstunger-20181129111304-deployment/amplify-cfn-templates/api/cloudformation-template.json",
				"logicalId": "apiActionAgainstHungerAPI"
			},
			"lastPushTimeStamp": "2018-11-30T02:10:55.908Z",
			"lastPushDirHash": "Blu2LSRn/9yCz7PlBBgk+E/pZgU="
		}
	}
}