{
    "identityPoolName": "cognito42bcf542_identitypool_42bcf542",
    "allowUnauthenticatedIdentities": false,
    "thirdPartyAuth": false,
    "lambdaLogPolicy": "cognito42bcf542_lambda_log_policy",
    "openIdLambdaRoleName": "cognito42bcf542_openid_lambda_role",
    "openIdRolePolicy": "cognito42bcf542_openid_pass_role_policy",
    "openIdLambdaIAMPolicy": "cognito42bcf542_openid_lambda_iam_policy",
    "openIdLogPolicy": "cognito42bcf542_openid_lambda_log_policy",
    "userPoolName": "cognito42bcf542_userpool_42bcf542",
    "autoVerifiedAttributes": [
        "email"
    ],
    "mfaConfiguration": "OFF",
    "mfaTypes": [
        "SMS Text Message"
    ],
    "roleName": "cognito42bcf542_sns-role",
    "roleExternalId": "cognito42bcf542_role_external_id",
    "policyName": "cognito42bcf542-sns-policy",
    "smsAuthenticationMessage": "Your authentication code is {####}",
    "smsVerificationMessage": "Your verification code is {####}",
    "emailVerificationSubject": "Your verification code",
    "emailVerificationMessage": "Your verification code is {####}",
    "defaultPasswordPolicy": false,
    "passwordPolicyMinLength": 8,
    "passwordPolicyCharacters": [
        "Requires Lowercase",
        "Requires Uppercase",
        "Requires Numbers",
        "Requires Symbols"
    ],
    "requiredAttributes": [
        "email"
    ],
    "userpoolClientName": "cognito42bcf542_app_client",
    "userpoolClientGenerateSecret": true,
    "userpoolClientRefreshTokenValidity": 30,
    "userpoolClientReadAttributes": [
        "email"
    ],
    "mfaLambdaRole": "cognito42bcf542_totp_lambda_role",
    "mfaLambdaLogPolicy": "cognito42bcf542_totp_lambda_log_policy",
    "mfaPassRolePolicy": "cognito42bcf542_totp_pass_role_policy",
    "mfaLambdaIAMPolicy": "cognito42bcf542_totp_lambda_iam_policy",
    "userpoolClientLambdaRole": "cognito42bcf542_userpoolclient_lambda_role",
    "userpoolClientLogPolicy": "cognito42bcf542_userpoolclient_lambda_log_policy",
    "userpoolClientLambdaPolicy": "cognito42bcf542_userpoolclient_lambda_iam_policy",
    "userpoolClientSetAttributes": false,
    "useDefault": "default",
    "unAuthRoleName": "ctiongainstunger-20181129111304-unauthRole",
    "authRoleName": "ctiongainstunger-20181129111304-authRole",
    "unAuthRoleArn": "arn:aws:iam::680378715691:role/ctiongainstunger-20181129111304-unauthRole",
    "authRoleArn": "arn:aws:iam::680378715691:role/ctiongainstunger-20181129111304-authRole",
    "resourceName": "cognito42bcf542",
    "authSelections": "identityPoolAndUserPool"
}