{
    "projectName": "ActionAgainstHunger",
    "projectPath": "/Users/Jerus/Documents/workspace-301/project-team-10/ActionAgainstHunger",
    "defaultEditor": "sublime",
    "frontendHandler": {
        "android": "/usr/local/lib/node_modules/@aws-amplify/cli/node_modules/amplify-frontend-android"
    },
    "amplify-frontend-android": {
        "config": {
            "ResDir": "/app/src/main/res"
        }
    },
    "providers": {
        "awscloudformation": "/usr/local/lib/node_modules/@aws-amplify/cli/node_modules/amplify-provider-awscloudformation"
    }
}